MatchStatus,RISKDATE,COMMENT,QUANTITYDIFFERENCE,TRADEID,DESKNAME,RECONDATE,BUY_SELL,TRADE DATE,SETTLE DATE,PRICE,QUANTITY,Impact ORIGINALEACE,IMPACT_PRICE,Impact_PRICE_TOLERANCE,IMPACT_QUANTITY,Impact_QUANTITY_TOLERANCE,Impact RECONDATE,Impact SETTLEDATE,Impact TRADEDATE,Impact TRADEID,Anomaly
Matched,03-07-2025,[Matching logic adjusted for pricing],5,75258598,Treasury,03-07-2025,B,03-04-2025,03-09-2025,104.1701,703,379050579,17.8098,0.001,143731604,1,03-07-2025,03-09-2025,03-04-2025,74484118,No
Matched,03-10-2025,[Matching logic adjusted for pricing],3,74062809,Commodities,03-10-2025,S,03-07-2025,03-12-2025,98.7711,4004,298650485,63.5344,0.001,192760505,1,03-10-2025,03-12-2025,03-07-2025,77818748,Yes
Price Break,03-11-2025,[Factor rounding is causing minor delta],-5,75473030,RMBS Agency CMOS,03-11-2025,S,03-08-2025,03-13-2025,101.5495,5111,399782516,41.0611,0.001,57623368,1,03-11-2025,03-13-2025,03-08-2025,73586098,No
Quantity Break,03-12-2025,[Price break driven by minor rounding],4,78186122,RMBS Agency CMOS,03-12-2025,B,03-09-2025,03-14-2025,103.9366,9199,122896809,40.3857,0.001,112110490,1,03-12-2025,03-14-2025,03-09-2025,72363985,No
Quantity Break,03-13-2025,[Factor rounding is causing minor delta],0,73477180,RMBS Agency CMOS,03-13-2025,S,03-10-2025,03-15-2025,104.0593,8879,391045803,89.3742,0.001,80991739,1,03-13-2025,03-15-2025,03-10-2025,69249965,No
Quantity Break,03-14-2025,[Matching logic adjusted for pricing],5,78047818,Treasury,03-14-2025,B,03-11-2025,03-16-2025,96.1137,5883,135689078,87.7705,0.001,136966080,1,03-14-2025,03-16-2025,03-11-2025,75290476,No
Quantity Break,03-17-2025,[Price break driven by minor rounding],-2,71725788,RMBS Agency CMOS,03-17-2025,S,03-14-2025,03-19-2025,95.3958,5364,166717838,85.0544,0.001,85512394,1,03-17-2025,03-19-2025,03-14-2025,78433658,No
Price Break,03-18-2025,[Factor rounding is causing minor delta],4,71503395,Treasury,03-18-2025,B,03-15-2025,03-20-2025,103.4206,334,379396032,17.6321,0.001,85880001,1,03-18-2025,03-20-2025,03-15-2025,71845915,No
Quantity Break,03-19-2025,[Matching logic adjusted for pricing],-4,72808124,Commodities,03-19-2025,B,03-16-2025,03-21-2025,96.9616,3056,141265684,35.184,0.001,14982886,1,03-19-2025,03-21-2025,03-16-2025,72450354,No
Quantity Break,03-20-2025,[Price break driven by minor rounding],-3,73680598,Commodities,03-20-2025,B,03-17-2025,03-22-2025,99.42,1931,281397600,22.3586,0.001,191299010,1,03-20-2025,03-22-2025,03-17-2025,69953302,No
Quantity Break,03-21-2025,[Matching logic adjusted for pricing],-2,75192035,RMBS Agency CMOS,03-21-2025,S,03-18-2025,03-23-2025,104.9055,741,382847823,64.2852,0.001,85283685,1,03-21-2025,03-23-2025,03-18-2025,77586730,Yes
Quantity Break,03-24-2025,[Price break driven by minor rounding],-1,70402764,Treasury,03-24-2025,S,03-21-2025,03-26-2025,100.2451,226,277594291,33.1014,0.001,160657010,1,03-24-2025,03-26-2025,03-21-2025,72468624,No
Price Break,03-25-2025,[Factor rounding is causing minor delta],1,76859585,Commodities,03-25-2025,S,03-22-2025,03-27-2025,103.0539,1863,380525413,50.0222,0.001,37918370,1,03-25-2025,03-27-2025,03-22-2025,70210905,No
Price Break,03-26-2025,[Price break driven by minor rounding],2,69104492,RMBS Agency CMOS,03-26-2025,B,03-23-2025,03-28-2025,96.7316,2711,339969459,21.803,0.001,99120414,1,03-26-2025,03-28-2025,03-23-2025,69235456,No
Price Break,03-27-2025,[Factor rounding is causing minor delta],5,77460516,RMBS Agency CMOS,03-27-2025,S,03-24-2025,03-29-2025,101.5088,2679,315432494,90.5767,0.001,65189236,1,03-27-2025,03-29-2025,03-24-2025,75102492,No
Matched,03-28-2025,[Matching logic adjusted for pricing],0,70747332,RMBS Agency CMOS,03-28-2025,B,03-25-2025,03-30-2025,96.3343,7023,376559020,17.481,0.001,128191617,1,03-28-2025,03-30-2025,03-25-2025,75052370,No
Price Break,03-31-2025,[Price break driven by minor rounding],1,75258414,Commodities,03-31-2025,B,03-28-2025,04-02-2025,100.7017,7002,319856090,90.2037,0.001,22903351,1,03-31-2025,04-02-2025,03-28-2025,76903961,No
Price Break,04-01-2025,[Price break driven by minor rounding],5,74906263,Commodities,04-01-2025,S,03-29-2025,04-03-2025,103.8168,1275,338055306,69.804,0.001,111317858,1,04-01-2025,04-03-2025,03-29-2025,70711859,No
Matched,04-02-2025,[Matching logic adjusted for pricing],-3,71773208,Commodities,04-02-2025,B,03-30-2025,04-04-2025,100.0995,9945,171654135,42.3705,0.001,109529082,1,04-02-2025,04-04-2025,03-30-2025,69427120,No
Price Break,04-03-2025,[Price break driven by minor rounding],-3,69962670,RMBS Agency CMOS,04-03-2025,S,03-31-2025,04-05-2025,99.6802,6474,312817056,74.6241,0.001,24020940,1,04-03-2025,04-05-2025,03-31-2025,76415145,No
Matched,04-04-2025,[Matching logic adjusted for pricing],-3,71119755,Treasury,04-04-2025,S,04-01-2025,04-06-2025,101.0855,5110,159377674,96.9589,0.001,72254926,1,04-04-2025,04-06-2025,04-01-2025,77882905,No
Quantity Break,04-07-2025,[Matching logic adjusted for pricing],0,71056252,Treasury,04-07-2025,B,04-04-2025,04-09-2025,98.6388,3089,393767174,29.8648,0.001,184456956,1,04-07-2025,04-09-2025,04-04-2025,75580244,Yes
Price Break,04-08-2025,[Matching logic adjusted for pricing],2,76637403,RMBS Agency CMOS,04-08-2025,B,04-05-2025,04-10-2025,103.1158,6232,229720567,96.1516,0.001,163458888,1,04-08-2025,04-10-2025,04-05-2025,71887118,No
Quantity Break,04-09-2025,[Price break driven by minor rounding],3,75006616,RMBS Agency CMOS,04-09-2025,B,04-06-2025,04-11-2025,100.1895,2273,313928009,86.5756,0.001,176065423,1,04-09-2025,04-11-2025,04-06-2025,74757535,No
Matched,04-10-2025,[Factor rounding is causing minor delta],-4,72145083,Commodities,04-10-2025,S,04-07-2025,04-12-2025,99.2012,2587,306643373,75.2641,0.001,192181192,1,04-10-2025,04-12-2025,04-07-2025,74470911,No
Price Break,04-11-2025,[Factor rounding is causing minor delta],-1,78291650,Commodities,04-11-2025,B,04-08-2025,04-13-2025,98.7809,5481,180856346,44.9817,0.001,165838721,1,04-11-2025,04-13-2025,04-08-2025,70928571,No
Matched,04-14-2025,[Price break driven by minor rounding],5,73304896,Commodities,04-14-2025,S,04-11-2025,04-16-2025,103.4138,2600,124306765,77.5827,0.001,50106303,1,04-14-2025,04-16-2025,04-11-2025,73133055,No
Quantity Break,04-15-2025,[Price break driven by minor rounding],0,76026860,RMBS Agency CMOS,04-15-2025,B,04-12-2025,04-17-2025,102.67,7211,291932099,84.2188,0.001,196347237,1,04-15-2025,04-17-2025,04-12-2025,72945907,No
Quantity Break,04-16-2025,[Matching logic adjusted for pricing],0,75521598,Treasury,04-16-2025,B,04-13-2025,04-18-2025,102.7424,2017,309409465,36.2988,0.001,88557396,1,04-16-2025,04-18-2025,04-13-2025,70189390,No
Quantity Break,04-17-2025,[Factor rounding is causing minor delta],-2,70776108,RMBS Agency CMOS,04-17-2025,B,04-14-2025,04-19-2025,101.2338,7945,156720721,79.0285,0.001,89295008,1,04-17-2025,04-19-2025,04-14-2025,71694277,No
Quantity Break,04-18-2025,[Factor rounding is causing minor delta],4,75704828,Treasury,04-18-2025,B,04-15-2025,04-20-2025,101.1364,6792,154892242,85.0909,0.001,147581903,1,04-18-2025,04-20-2025,04-15-2025,69782781,No
Matched,04-21-2025,[Factor rounding is causing minor delta],5,73886242,Commodities,04-21-2025,S,04-18-2025,04-23-2025,100.5324,2265,383687557,78.5476,0.001,66707489,1,04-21-2025,04-23-2025,04-18-2025,74358036,No
Price Break,04-22-2025,[Factor rounding is causing minor delta],-2,71472680,RMBS Agency CMOS,04-22-2025,B,04-19-2025,04-24-2025,104.711,1392,189121893,12.4304,0.001,173505412,1,04-22-2025,04-24-2025,04-19-2025,73124031,No
Price Break,04-23-2025,[Price break driven by minor rounding],2,78412714,Commodities,04-23-2025,S,04-20-2025,04-25-2025,103.7265,8685,287141129,32.4466,0.001,18998218,1,04-23-2025,04-25-2025,04-20-2025,74981683,No
Matched,04-24-2025,[Matching logic adjusted for pricing],-2,71587676,Commodities,04-24-2025,B,04-21-2025,04-26-2025,103.0673,4543,175060982,42.4403,0.001,138116306,1,04-24-2025,04-26-2025,04-21-2025,68919805,No
Matched,04-25-2025,[Matching logic adjusted for pricing],0,76275901,Treasury,04-25-2025,B,04-22-2025,04-27-2025,103.1597,7125,175668256,34.3117,0.001,80162266,1,04-25-2025,04-27-2025,04-22-2025,69663982,No
Price Break,04-28-2025,[Matching logic adjusted for pricing],-3,78186813,Commodities,04-28-2025,B,04-25-2025,04-30-2025,102.6484,7779,211013746,56.4227,0.001,71546082,1,04-28-2025,04-30-2025,04-25-2025,77196622,No
Matched,04-29-2025,[Matching logic adjusted for pricing],3,72772481,RMBS Agency CMOS,04-29-2025,S,04-26-2025,05-01-2025,101.7545,4082,391812119,42.0097,0.001,15571285,1,04-29-2025,05-01-2025,04-26-2025,73225854,No
Matched,04-30-2025,[Price break driven by minor rounding],2,76254705,Treasury,04-30-2025,B,04-27-2025,05-02-2025,101.1044,4377,207688317,26.848,0.001,129044810,1,04-30-2025,05-02-2025,04-27-2025,73727534,No
Price Break,05-01-2025,[Price break driven by minor rounding],-3,71981607,Commodities,05-01-2025,B,04-28-2025,05-03-2025,104.902,3658,385381220,48.4406,0.001,106103782,1,05-01-2025,05-03-2025,04-28-2025,74974889,No
Price Break,05-02-2025,[Matching logic adjusted for pricing],-1,74559791,RMBS Agency CMOS,05-02-2025,S,04-29-2025,05-04-2025,95.7128,8025,323664116,96.0121,0.001,174347592,1,05-02-2025,05-04-2025,04-29-2025,69469581,No
Matched,05-05-2025,[Price break driven by minor rounding],2,78884299,Treasury,05-05-2025,S,05-02-2025,05-07-2025,100.6614,4432,153728180,78.5225,0.001,14742471,1,05-05-2025,05-07-2025,05-02-2025,73402202,No
Quantity Break,05-06-2025,[Factor rounding is causing minor delta],5,74673193,RMBS Agency CMOS,05-06-2025,B,05-03-2025,05-08-2025,95.5686,5254,130900784,77.4089,0.001,109576112,1,05-06-2025,05-08-2025,05-03-2025,74776276,No
Matched,05-07-2025,[Factor rounding is causing minor delta],1,72068683,Treasury,05-07-2025,B,05-04-2025,05-09-2025,95.7969,326,151730604,37.7584,0.001,123050906,1,05-07-2025,05-09-2025,05-04-2025,70256637,No
Price Break,05-08-2025,[Factor rounding is causing minor delta],-1,73031788,Commodities,05-08-2025,B,05-05-2025,05-10-2025,102.4581,4705,326111720,23.2449,0.001,125195543,1,05-08-2025,05-10-2025,05-05-2025,75985141,No
Price Break,05-09-2025,[Matching logic adjusted for pricing],-5,73792789,Commodities,05-09-2025,S,05-06-2025,05-11-2025,95.2304,4174,235203661,20.2331,0.001,134944246,1,05-09-2025,05-11-2025,05-06-2025,78786980,No
Matched,05-12-2025,[Price break driven by minor rounding],-2,73509778,Treasury,05-12-2025,B,05-09-2025,05-14-2025,99.792,3487,124664284,75.2278,0.001,98455328,1,05-12-2025,05-14-2025,05-09-2025,70409549,No
Matched,05-13-2025,[Matching logic adjusted for pricing],-4,69796909,RMBS Agency CMOS,05-13-2025,B,05-10-2025,05-15-2025,97.412,6759,356593661,95.384,0.001,121845244,1,05-13-2025,05-15-2025,05-10-2025,78618065,No
Price Break,05-14-2025,[Factor rounding is causing minor delta],4,73627897,Treasury,05-14-2025,B,05-11-2025,05-16-2025,100.724,2241,103630130,50.1111,0.001,184820802,1,05-14-2025,05-16-2025,05-11-2025,72312388,No
Price Break,05-15-2025,[Factor rounding is causing minor delta],0,75058871,Commodities,05-15-2025,S,05-12-2025,05-17-2025,102.1358,5238,368855381,90.5145,0.001,175690746,1,05-15-2025,05-17-2025,05-12-2025,71817819,Yes
Matched,05-16-2025,[Matching logic adjusted for pricing],2,75534994,Treasury,05-16-2025,S,05-13-2025,05-18-2025,98.1211,5219,289400841,34.2554,0.001,99569077,1,05-16-2025,05-18-2025,05-13-2025,78041613,No
Price Break,05-19-2025,[Price break driven by minor rounding],0,78811377,RMBS Agency CMOS,05-19-2025,B,05-16-2025,05-21-2025,99.4774,5108,196566388,10.4985,0.001,61514998,1,05-19-2025,05-21-2025,05-16-2025,78119164,No
Quantity Break,05-20-2025,[Matching logic adjusted for pricing],5,77879021,Treasury,05-20-2025,S,05-17-2025,05-22-2025,100.3471,4603,173390188,87.9155,0.001,91478555,1,05-20-2025,05-22-2025,05-17-2025,75475924,No
Matched,05-21-2025,[Matching logic adjusted for pricing],2,76159578,Commodities,05-21-2025,B,05-18-2025,05-23-2025,95.6153,6593,139200553,50.8992,0.001,147893956,1,05-21-2025,05-23-2025,05-18-2025,75002883,No
Quantity Break,05-22-2025,[Factor rounding is causing minor delta],0,73317364,Treasury,05-22-2025,S,05-19-2025,05-24-2025,103.225,9271,170205448,61.5629,0.001,20877883,1,05-22-2025,05-24-2025,05-19-2025,71340313,No
Matched,05-23-2025,[Price break driven by minor rounding],-5,70699557,Commodities,05-23-2025,S,05-20-2025,05-25-2025,101.5464,3961,330456089,75.0142,0.001,139290988,1,05-23-2025,05-25-2025,05-20-2025,75408434,No
Quantity Break,05-27-2025,[Price break driven by minor rounding],-1,78219720,Commodities,05-27-2025,B,05-24-2025,05-29-2025,104.8778,5589,172010707,91.6501,0.001,76360649,1,05-27-2025,05-29-2025,05-24-2025,74095694,No
Quantity Break,05-28-2025,[Factor rounding is causing minor delta],-1,73618065,RMBS Agency CMOS,05-28-2025,S,05-25-2025,05-30-2025,102.3075,8465,213764410,68.7656,0.001,55593209,1,05-28-2025,05-30-2025,05-25-2025,71940566,No
Quantity Break,05-29-2025,[Price break driven by minor rounding],-3,75518350,Treasury,05-29-2025,S,05-26-2025,05-31-2025,96.6317,5523,157770897,26.5729,0.001,158545573,1,05-29-2025,05-31-2025,05-26-2025,69516615,No
Matched,05-30-2025,[Matching logic adjusted for pricing],1,77527533,RMBS Agency CMOS,05-30-2025,S,05-27-2025,06-01-2025,102.3912,2395,332407036,40.0132,0.001,73828097,1,05-30-2025,06-01-2025,05-27-2025,75151051,No
Quantity Break,06-02-2025,[Factor rounding is causing minor delta],-2,72103691,RMBS Agency CMOS,06-02-2025,S,05-30-2025,06-04-2025,102.3546,6853,218628405,63.3821,0.001,159573257,1,06-02-2025,06-04-2025,05-30-2025,75547237,No
Price Break,06-03-2025,[Price break driven by minor rounding],0,74132187,Commodities,06-03-2025,B,05-31-2025,06-05-2025,96.6333,8427,305866247,82.7333,0.001,13972934,1,06-03-2025,06-05-2025,05-31-2025,75155773,No
Quantity Break,06-04-2025,[Factor rounding is causing minor delta],-1,77270330,Treasury,06-04-2025,B,06-01-2025,06-06-2025,100.8359,4135,329390767,45.2576,0.001,63121105,1,06-04-2025,06-06-2025,06-01-2025,69285463,No
Matched,06-05-2025,[Price break driven by minor rounding],2,72364250,Treasury,06-05-2025,B,06-02-2025,06-07-2025,102.5383,6517,214937714,39.9506,0.001,144411176,1,06-05-2025,06-07-2025,06-02-2025,73297329,No
Quantity Break,06-06-2025,[Matching logic adjusted for pricing],-5,72430883,RMBS Agency CMOS,06-06-2025,S,06-03-2025,06-08-2025,101.1323,4501,199069925,78.4272,0.001,195711452,1,06-06-2025,06-08-2025,06-03-2025,78331175,No
Matched,06-09-2025,[Factor rounding is causing minor delta],2,71894528,RMBS Agency CMOS,06-09-2025,B,06-06-2025,06-11-2025,95.6709,1590,274278290,95.8782,0.001,134192225,1,06-09-2025,06-11-2025,06-06-2025,70022210,No
Matched,06-10-2025,[Price break driven by minor rounding],3,74058770,RMBS Agency CMOS,06-10-2025,S,06-07-2025,06-12-2025,101.5884,920,217746740,52.381,0.001,48697133,1,06-10-2025,06-12-2025,06-07-2025,72517078,No
Matched,06-11-2025,[Matching logic adjusted for pricing],-3,77609082,RMBS Agency CMOS,06-11-2025,B,06-08-2025,06-13-2025,95.3946,328,120335238,54.4386,0.001,79728489,1,06-11-2025,06-13-2025,06-08-2025,70321572,No
Matched,06-12-2025,[Price break driven by minor rounding],5,73834161,RMBS Agency CMOS,06-12-2025,B,06-09-2025,06-14-2025,95.8021,192,280436814,11.0487,0.001,149272417,1,06-12-2025,06-14-2025,06-09-2025,72414248,No
Price Break,06-13-2025,[Factor rounding is causing minor delta],-5,74699273,Treasury,06-13-2025,S,06-10-2025,06-15-2025,103.4619,6214,281603888,80.8935,0.001,22957952,1,06-13-2025,06-15-2025,06-10-2025,73217453,No
Price Break,06-16-2025,[Price break driven by minor rounding],-2,77734373,Treasury,06-16-2025,B,06-13-2025,06-18-2025,95.3964,9448,334019765,57.5063,0.001,122634606,1,06-16-2025,06-18-2025,06-13-2025,76154160,No
Matched,06-17-2025,[Price break driven by minor rounding],0,74463658,RMBS Agency CMOS,06-17-2025,B,06-14-2025,06-19-2025,104.4862,3528,326281492,69.5767,0.001,54657932,1,06-17-2025,06-19-2025,06-14-2025,78278742,No
Matched,06-18-2025,[Price break driven by minor rounding],-5,77104403,Commodities,06-18-2025,S,06-15-2025,06-20-2025,96.7429,640,345187794,57.8062,0.001,193594521,1,06-18-2025,06-20-2025,06-15-2025,74914470,No
Price Break,06-20-2025,[Factor rounding is causing minor delta],-2,74321444,Commodities,06-20-2025,B,06-17-2025,06-22-2025,103.5926,3292,296553448,14.0774,0.001,55686489,1,06-20-2025,06-22-2025,06-17-2025,75302406,No
Quantity Break,06-23-2025,[Matching logic adjusted for pricing],3,78559856,Commodities,06-23-2025,S,06-20-2025,06-25-2025,102.7637,7516,149989063,41.5143,0.001,49987544,1,06-23-2025,06-25-2025,06-20-2025,69600467,No
Price Break,06-24-2025,[Matching logic adjusted for pricing],-5,77386449,RMBS Agency CMOS,06-24-2025,B,06-21-2025,06-26-2025,97.3096,1254,140718207,76.0638,0.001,100512746,1,06-24-2025,06-26-2025,06-21-2025,73990120,No
Matched,06-25-2025,[Matching logic adjusted for pricing],0,69825424,RMBS Agency CMOS,06-25-2025,B,06-22-2025,06-27-2025,100.3518,9334,310394250,57.4552,0.001,34967708,1,06-25-2025,06-27-2025,06-22-2025,76012803,No
Matched,06-26-2025,[Matching logic adjusted for pricing],-4,75639584,Commodities,06-26-2025,B,06-23-2025,06-28-2025,101.5864,9477,221195821,11.1278,0.001,160519764,1,06-26-2025,06-28-2025,06-23-2025,69781242,No
Quantity Break,06-27-2025,[Price break driven by minor rounding],-2,74656806,RMBS Agency CMOS,06-27-2025,S,06-24-2025,06-29-2025,97.6641,8390,226536385,86.7591,0.001,132695452,1,06-27-2025,06-29-2025,06-24-2025,75940802,No
Price Break,06-30-2025,[Price break driven by minor rounding],-4,74552394,Commodities,06-30-2025,B,06-27-2025,07-02-2025,102.2901,2298,339922955,76.0031,0.001,49454712,1,06-30-2025,07-02-2025,06-27-2025,71807089,No
Price Break,07-01-2025,[Matching logic adjusted for pricing],5,72087987,RMBS Agency CMOS,07-01-2025,S,06-28-2025,07-03-2025,102.7647,4629,261879828,72.3037,0.001,130729595,1,07-01-2025,07-03-2025,06-28-2025,73711735,No
Quantity Break,07-02-2025,[Matching logic adjusted for pricing],-1,70349252,Commodities,07-02-2025,B,06-29-2025,07-04-2025,100.5006,5538,147695067,11.511,0.001,159397442,1,07-02-2025,07-04-2025,06-29-2025,76329955,Yes
Price Break,07-03-2025,[Matching logic adjusted for pricing],2,75295310,RMBS Agency CMOS,07-03-2025,B,06-30-2025,07-05-2025,102.9662,9623,282620765,90.3118,0.001,102570361,1,07-03-2025,07-05-2025,06-30-2025,75663559,No
Quantity Break,07-07-2025,[Matching logic adjusted for pricing],4,69167295,Commodities,07-07-2025,B,07-04-2025,07-09-2025,102.1489,469,220214090,73.4274,0.001,89542773,1,07-07-2025,07-09-2025,07-04-2025,69062410,No
Quantity Break,07-08-2025,[Factor rounding is causing minor delta],5,73099163,Treasury,07-08-2025,B,07-05-2025,07-10-2025,102.7534,7767,154601171,43.4119,0.001,94058578,1,07-08-2025,07-10-2025,07-05-2025,72489961,No
Quantity Break,07-09-2025,[Factor rounding is causing minor delta],-3,71582558,Commodities,07-09-2025,S,07-06-2025,07-11-2025,98.4411,5907,199584200,72.4618,0.001,28969292,1,07-09-2025,07-11-2025,07-06-2025,69003227,No
Price Break,07-10-2025,[Matching logic adjusted for pricing],0,77982217,Treasury,07-10-2025,S,07-07-2025,07-12-2025,98.111,3862,302604713,59.461,0.001,168404979,1,07-10-2025,07-12-2025,07-07-2025,75100749,No
Quantity Break,07-11-2025,[Factor rounding is causing minor delta],4,75918182,Treasury,07-11-2025,B,07-08-2025,07-13-2025,96.1625,8885,310943059,77.3854,0.001,91635421,1,07-11-2025,07-13-2025,07-08-2025,77104676,No
Price Break,07-14-2025,[Matching logic adjusted for pricing],1,74748997,Commodities,07-14-2025,B,07-11-2025,07-16-2025,103.8192,7463,120311403,50.2119,0.001,112049624,1,07-14-2025,07-16-2025,07-11-2025,72931768,No
Matched,07-15-2025,[Price break driven by minor rounding],-5,72862015,Commodities,07-15-2025,B,07-12-2025,07-17-2025,96.1872,4162,117608387,41.5173,0.001,161794326,1,07-15-2025,07-17-2025,07-12-2025,70313329,No
Price Break,07-16-2025,[Matching logic adjusted for pricing],-4,78904963,Treasury,07-16-2025,B,07-13-2025,07-18-2025,97.6226,6410,102469617,97.9879,0.001,122183034,1,07-16-2025,07-18-2025,07-13-2025,73212301,No
Price Break,07-17-2025,[Matching logic adjusted for pricing],-4,71678774,RMBS Agency CMOS,07-17-2025,S,07-14-2025,07-19-2025,99.0738,7377,380047746,41.0961,0.001,15432322,1,07-17-2025,07-19-2025,07-14-2025,75115445,No
Quantity Break,07-18-2025,[Matching logic adjusted for pricing],-2,74744895,RMBS Agency CMOS,07-18-2025,B,07-15-2025,07-20-2025,102.4874,9488,109516359,79.3467,0.001,64363099,1,07-18-2025,07-20-2025,07-15-2025,71028288,No
Quantity Break,07-21-2025,[Matching logic adjusted for pricing],1,68985341,RMBS Agency CMOS,07-21-2025,B,07-18-2025,07-23-2025,98.0483,3933,265661988,86.8777,0.001,75032677,1,07-21-2025,07-23-2025,07-18-2025,69904297,No
Matched,07-22-2025,[Price break driven by minor rounding],0,72602661,RMBS Agency CMOS,07-22-2025,B,07-19-2025,07-24-2025,102.6272,6485,173088159,85.456,0.001,164389350,1,07-22-2025,07-24-2025,07-19-2025,77902218,No
Matched,07-23-2025,[Price break driven by minor rounding],-2,72440670,Commodities,07-23-2025,B,07-20-2025,07-25-2025,96.4922,8122,264817038,96.4035,0.001,82149028,1,07-23-2025,07-25-2025,07-20-2025,69075274,No
Price Break,07-24-2025,[Matching logic adjusted for pricing],1,78500510,RMBS Agency CMOS,07-24-2025,S,07-21-2025,07-26-2025,98.2831,9727,229360547,42.1407,0.001,118882464,1,07-24-2025,07-26-2025,07-21-2025,72046556,No
Quantity Break,07-25-2025,[Price break driven by minor rounding],5,78135073,RMBS Agency CMOS,07-25-2025,B,07-22-2025,07-27-2025,100.4527,4536,102409126,26.1489,0.001,176361614,1,07-25-2025,07-27-2025,07-22-2025,71169019,No
Quantity Break,07-28-2025,[Factor rounding is causing minor delta],-4,71422495,Treasury,07-28-2025,B,07-25-2025,07-30-2025,96.7826,5243,241754796,99.9124,0.001,55964398,1,07-28-2025,07-30-2025,07-25-2025,77076257,No
Price Break,07-29-2025,[Factor rounding is causing minor delta],-4,78352021,Treasury,07-29-2025,S,07-26-2025,07-31-2025,98.5783,858,337827723,66.404,0.001,134714704,1,07-29-2025,07-31-2025,07-26-2025,75605028,No
Price Break,07-30-2025,[Price break driven by minor rounding],1,71239305,Treasury,07-30-2025,S,07-27-2025,08-01-2025,104.6149,4919,103451493,50.4542,0.001,21669401,1,07-30-2025,08-01-2025,07-27-2025,75729720,No
Quantity Break,07-31-2025,[Matching logic adjusted for pricing],-5,72795406,Treasury,07-31-2025,B,07-28-2025,08-02-2025,102.9815,9481,140630352,65.1874,0.001,33867833,1,07-31-2025,08-02-2025,07-28-2025,76135776,Yes
Quantity Break,08-01-2025,[Matching logic adjusted for pricing],2,78530479,Commodities,08-01-2025,S,07-29-2025,08-03-2025,99.3716,2852,274906897,79.7681,0.001,30024257,1,08-01-2025,08-03-2025,07-29-2025,75667553,No
Matched,08-04-2025,[Factor rounding is causing minor delta],-2,73806121,Commodities,08-04-2025,B,08-01-2025,08-06-2025,95.6693,1340,103889317,80.7012,0.001,83988773,1,08-04-2025,08-06-2025,08-01-2025,78436571,No
Quantity Break,08-05-2025,[Price break driven by minor rounding],1,70046261,Commodities,08-05-2025,S,08-02-2025,08-07-2025,99.2355,2600,152515637,40.4222,0.001,25784986,1,08-05-2025,08-07-2025,08-02-2025,72610882,No
Quantity Break,08-06-2025,[Matching logic adjusted for pricing],1,69500439,Treasury,08-06-2025,B,08-03-2025,08-08-2025,98.1935,9157,309881360,33.0024,0.001,58291133,1,08-06-2025,08-08-2025,08-03-2025,75592346,No
Matched,08-07-2025,[Price break driven by minor rounding],1,72912551,Commodities,08-07-2025,B,08-04-2025,08-09-2025,101.5778,6353,268890312,95.4814,0.001,36359213,1,08-07-2025,08-09-2025,08-04-2025,77326292,No
Matched,08-08-2025,[Matching logic adjusted for pricing],1,71428796,RMBS Agency CMOS,08-08-2025,B,08-05-2025,08-10-2025,103.8469,4445,134129278,14.0493,0.001,82125962,1,08-08-2025,08-10-2025,08-05-2025,76503491,Yes
Price Break,08-11-2025,[Price break driven by minor rounding],-3,69191014,RMBS Agency CMOS,08-11-2025,B,08-08-2025,08-13-2025,97.9902,6700,100168342,71.431,0.001,138587056,1,08-11-2025,08-13-2025,08-08-2025,76279073,No
Matched,08-12-2025,[Factor rounding is causing minor delta],-5,71332842,Commodities,08-12-2025,S,08-09-2025,08-14-2025,99.1091,9712,161967343,45.4707,0.001,86627903,1,08-12-2025,08-14-2025,08-09-2025,75253824,No
Matched,08-13-2025,[Factor rounding is causing minor delta],0,75054557,Treasury,08-13-2025,S,08-10-2025,08-15-2025,104.5286,2213,105335238,73.556,0.001,147625102,1,08-13-2025,08-15-2025,08-10-2025,71354192,No
Quantity Break,08-14-2025,[Matching logic adjusted for pricing],2,75246981,RMBS Agency CMOS,08-14-2025,S,08-11-2025,08-16-2025,104.4616,7473,370567991,93.8104,0.001,23517640,1,08-14-2025,08-16-2025,08-11-2025,77114184,No
Matched,08-15-2025,[Factor rounding is causing minor delta],-5,72866339,Commodities,08-15-2025,B,08-12-2025,08-17-2025,97.5693,2847,299570680,45.2122,0.001,185546272,1,08-15-2025,08-17-2025,08-12-2025,72925882,No
Price Break,08-18-2025,[Price break driven by minor rounding],-5,76110338,RMBS Agency CMOS,08-18-2025,B,08-15-2025,08-20-2025,103.1885,2307,308728956,36.1111,0.001,38797991,1,08-18-2025,08-20-2025,08-15-2025,75409234,No
Quantity Break,08-19-2025,[Price break driven by minor rounding],-5,71834989,Treasury,08-19-2025,S,08-16-2025,08-21-2025,96.7814,8206,264983415,51.309,0.001,45172961,1,08-19-2025,08-21-2025,08-16-2025,71229005,No
Quantity Break,08-20-2025,[Price break driven by minor rounding],-1,71775140,Treasury,08-20-2025,B,08-17-2025,08-22-2025,101.8461,8861,170687706,90.9455,0.001,15789312,1,08-20-2025,08-22-2025,08-17-2025,73865996,No
Price Break,08-21-2025,[Factor rounding is causing minor delta],-4,69614240,RMBS Agency CMOS,08-21-2025,B,08-18-2025,08-23-2025,95.555,5534,205411184,79.1803,0.001,189200782,1,08-21-2025,08-23-2025,08-18-2025,72317266,No
Matched,08-22-2025,[Factor rounding is causing minor delta],-2,73624079,Treasury,08-22-2025,S,08-19-2025,08-24-2025,97.0389,5434,243509227,13.8256,0.001,182512826,1,08-22-2025,08-24-2025,08-19-2025,76374434,No
Price Break,08-25-2025,[Factor rounding is causing minor delta],0,74661659,Treasury,08-25-2025,B,08-22-2025,08-27-2025,102.7449,6385,158657359,25.0978,0.001,21589007,1,08-25-2025,08-27-2025,08-22-2025,76072216,No
Matched,08-26-2025,[Price break driven by minor rounding],5,78710284,Commodities,08-26-2025,B,08-23-2025,08-28-2025,98.9681,6946,204426058,20.6515,0.001,48711387,1,08-26-2025,08-28-2025,08-23-2025,72895376,No
Quantity Break,08-27-2025,[Factor rounding is causing minor delta],0,75741306,Treasury,08-27-2025,B,08-24-2025,08-29-2025,99.205,7153,385628349,90.105,0.001,148805280,1,08-27-2025,08-29-2025,08-24-2025,69059308,No
Matched,08-28-2025,[Factor rounding is causing minor delta],-3,70273570,Commodities,08-28-2025,S,08-25-2025,08-30-2025,96.0385,3124,238463563,38.8634,0.001,170257969,1,08-28-2025,08-30-2025,08-25-2025,73755006,No
Price Break,08-29-2025,[Factor rounding is causing minor delta],0,75457065,RMBS Agency CMOS,08-29-2025,S,08-26-2025,08-31-2025,96.2751,4933,336127677,79.9855,0.001,94561121,1,08-29-2025,08-31-2025,08-26-2025,70496035,No
Price Break,09-02-2025,[Factor rounding is causing minor delta],-4,77668773,Commodities,09-02-2025,B,08-30-2025,09-04-2025,96.0914,4453,342550014,45.9292,0.001,172826823,1,09-02-2025,09-04-2025,08-30-2025,76022206,No
Price Break,09-03-2025,[Factor rounding is causing minor delta],-2,74359551,Treasury,09-03-2025,B,08-31-2025,09-05-2025,101.69,7333,233493197,72.5381,0.001,128164509,1,09-03-2025,09-05-2025,08-31-2025,72617447,No
Price Break,09-04-2025,[Price break driven by minor rounding],1,77345568,RMBS Agency CMOS,09-04-2025,B,09-01-2025,09-06-2025,100.9879,3530,170320921,28.7151,0.001,147371332,1,09-04-2025,09-06-2025,09-01-2025,71111641,No
Price Break,09-05-2025,[Price break driven by minor rounding],4,78544911,RMBS Agency CMOS,09-05-2025,S,09-02-2025,09-07-2025,96.0408,3173,376925449,78.3513,0.001,190478814,1,09-05-2025,09-07-2025,09-02-2025,77417213,No
Price Break,09-08-2025,[Price break driven by minor rounding],-3,73330297,Treasury,09-08-2025,S,09-05-2025,09-10-2025,103.1267,8509,287530815,60.1414,0.001,171437735,1,09-08-2025,09-10-2025,09-05-2025,75379346,No
Quantity Break,09-09-2025,[Matching logic adjusted for pricing],-2,69013573,Treasury,09-09-2025,B,09-06-2025,09-11-2025,103.3944,1952,150336322,72.6141,0.001,23685235,1,09-09-2025,09-11-2025,09-06-2025,71235366,No
Quantity Break,09-10-2025,[Price break driven by minor rounding],-2,71886317,Commodities,09-10-2025,B,09-07-2025,09-12-2025,101.2985,3918,216067137,65.0894,0.001,32500588,1,09-10-2025,09-12-2025,09-07-2025,72680990,No
Matched,09-11-2025,[Factor rounding is causing minor delta],-3,76780077,Treasury,09-11-2025,B,09-08-2025,09-13-2025,97.6484,1502,114708089,82.222,0.001,176716125,1,09-11-2025,09-13-2025,09-08-2025,73077679,No
Quantity Break,09-12-2025,[Price break driven by minor rounding],-1,74959228,Treasury,09-12-2025,S,09-09-2025,09-14-2025,99.8206,7991,195296737,35.1615,0.001,84821616,1,09-12-2025,09-14-2025,09-09-2025,75730531,No
Quantity Break,09-15-2025,[Factor rounding is causing minor delta],-1,73589444,Commodities,09-15-2025,B,09-12-2025,09-17-2025,99.4717,8119,206651206,66.573,0.001,58848789,1,09-15-2025,09-17-2025,09-12-2025,72544546,No
Quantity Break,09-16-2025,[Price break driven by minor rounding],-5,70538511,RMBS Agency CMOS,09-16-2025,B,09-13-2025,09-18-2025,99.254,957,137064598,56.6782,0.001,50403880,1,09-16-2025,09-18-2025,09-13-2025,70387181,No
Quantity Break,09-17-2025,[Matching logic adjusted for pricing],-4,76617390,Commodities,09-17-2025,B,09-14-2025,09-19-2025,101.9923,6955,161843867,29.7642,0.001,14742736,1,09-17-2025,09-19-2025,09-14-2025,76736071,No
Price Break,09-18-2025,[Price break driven by minor rounding],1,69436202,Commodities,09-18-2025,B,09-15-2025,09-20-2025,95.6318,6509,264041764,13.1405,0.001,179720780,1,09-18-2025,09-20-2025,09-15-2025,74689275,No
Price Break,09-19-2025,[Matching logic adjusted for pricing],5,71171221,Commodities,09-19-2025,S,09-16-2025,09-21-2025,101.4696,7209,394235038,65.9108,0.001,185204011,1,09-19-2025,09-21-2025,09-16-2025,72381995,No
Price Break,09-22-2025,[Price break driven by minor rounding],-4,76142573,RMBS Agency CMOS,09-22-2025,B,09-19-2025,09-24-2025,102.3746,2381,178190187,38.6127,0.001,57125764,1,09-22-2025,09-24-2025,09-19-2025,71088984,No
Matched,09-23-2025,[Matching logic adjusted for pricing],2,74383244,Commodities,09-23-2025,S,09-20-2025,09-25-2025,98.5024,9106,381334093,68.2717,0.001,199057021,1,09-23-2025,09-25-2025,09-20-2025,71483437,No
Matched,09-24-2025,[Matching logic adjusted for pricing],-5,69089052,Treasury,09-24-2025,B,09-21-2025,09-26-2025,101.2947,5863,327101448,84.9111,0.001,178552215,1,09-24-2025,09-26-2025,09-21-2025,78471497,No
Quantity Break,09-25-2025,[Factor rounding is causing minor delta],3,72495133,Commodities,09-25-2025,S,09-22-2025,09-27-2025,102.7766,2505,132636658,36.8253,0.001,72522694,1,09-25-2025,09-27-2025,09-22-2025,70894477,No
Price Break,09-26-2025,[Price break driven by minor rounding],0,69152858,RMBS Agency CMOS,09-26-2025,B,09-23-2025,09-28-2025,97.2844,9451,253364324,43.1483,0.001,25323507,1,09-26-2025,09-28-2025,09-23-2025,70192781,No
Price Break,09-29-2025,[Price break driven by minor rounding],-4,72265273,Commodities,09-29-2025,B,09-26-2025,10-01-2025,96.763,8104,184658169,51.4446,0.001,66480322,1,09-29-2025,10-01-2025,09-26-2025,74696700,No
Price Break,09-30-2025,[Price break driven by minor rounding],-1,75985678,Commodities,09-30-2025,B,09-27-2025,10-02-2025,104.0593,2525,387352783,55.9085,0.001,199033677,1,09-30-2025,10-02-2025,09-27-2025,76677018,No
Price Break,10-01-2025,[Factor rounding is causing minor delta],-5,77112772,Treasury,10-01-2025,B,09-28-2025,10-03-2025,96.7287,4667,382098695,88.6845,0.001,47380530,1,10-01-2025,10-03-2025,09-28-2025,77270865,No
Matched,10-02-2025,[Price break driven by minor rounding],0,74311750,RMBS Agency CMOS,10-02-2025,B,09-29-2025,10-04-2025,101.626,3452,338243522,96.4426,0.001,178162120,1,10-02-2025,10-04-2025,09-29-2025,71897965,Yes
Matched,10-03-2025,[Matching logic adjusted for pricing],1,77514261,Commodities,10-03-2025,B,09-30-2025,10-05-2025,101.3437,3303,269010003,34.4929,0.001,21731488,1,10-03-2025,10-05-2025,09-30-2025,78151728,No
Quantity Break,10-06-2025,[Price break driven by minor rounding],5,69773717,Treasury,10-06-2025,S,10-03-2025,10-08-2025,100.8859,1095,195469467,65.4081,0.001,182574458,1,10-06-2025,10-08-2025,10-03-2025,73023975,No
Matched,10-07-2025,[Factor rounding is causing minor delta],-1,76580348,Commodities,10-07-2025,B,10-04-2025,10-09-2025,95.0168,3323,164552242,51.0866,0.001,85154388,1,10-07-2025,10-09-2025,10-04-2025,74679119,No
Price Break,10-08-2025,[Factor rounding is causing minor delta],4,70878628,RMBS Agency CMOS,10-08-2025,B,10-05-2025,10-10-2025,99.8391,784,156403525,45.0794,0.001,24036405,1,10-08-2025,10-10-2025,10-05-2025,69939276,No
Price Break,10-09-2025,[Matching logic adjusted for pricing],-2,71657022,RMBS Agency CMOS,10-09-2025,B,10-06-2025,10-11-2025,102.7922,3801,211096459,90.3426,0.001,69462740,1,10-09-2025,10-11-2025,10-06-2025,72978415,No
Matched,10-10-2025,[Price break driven by minor rounding],3,75716694,Treasury,10-10-2025,B,10-07-2025,10-12-2025,103.8317,4320,154454731,73.9797,0.001,55710229,1,10-10-2025,10-12-2025,10-07-2025,71721059,No
Matched,10-14-2025,[Factor rounding is causing minor delta],0,73766124,Commodities,10-14-2025,S,10-11-2025,10-16-2025,98.8336,1012,115720404,98.1514,0.001,35650243,1,10-14-2025,10-16-2025,10-11-2025,71911097,Yes
Quantity Break,10-15-2025,[Factor rounding is causing minor delta],3,73976622,RMBS Agency CMOS,10-15-2025,B,10-12-2025,10-17-2025,103.9766,1570,222080286,65.9758,0.001,27562503,1,10-15-2025,10-17-2025,10-12-2025,76943767,No
Quantity Break,10-16-2025,[Factor rounding is causing minor delta],5,69169540,Treasury,10-16-2025,B,10-13-2025,10-18-2025,102.7425,6167,153759346,89.3796,0.001,32072007,1,10-16-2025,10-18-2025,10-13-2025,72138598,No
Quantity Break,10-17-2025,[Factor rounding is causing minor delta],-5,71252719,Commodities,10-17-2025,S,10-14-2025,10-19-2025,98.2557,5170,184814842,73.8899,0.001,166104868,1,10-17-2025,10-19-2025,10-14-2025,74360650,No
Quantity Break,10-20-2025,[Factor rounding is causing minor delta],-2,70514834,RMBS Agency CMOS,10-20-2025,B,10-17-2025,10-22-2025,100.733,2202,210356944,86.8301,0.001,173075511,1,10-20-2025,10-22-2025,10-17-2025,74246646,No
Matched,10-21-2025,[Matching logic adjusted for pricing],-1,72454323,Treasury,10-21-2025,S,10-18-2025,10-23-2025,103.144,1543,104152307,95.9522,0.001,185550274,1,10-21-2025,10-23-2025,10-18-2025,71428763,No
Quantity Break,10-22-2025,[Price break driven by minor rounding],5,78571559,Treasury,10-22-2025,S,10-19-2025,10-24-2025,97.3975,4479,102077627,70.7174,0.001,28463775,1,10-22-2025,10-24-2025,10-19-2025,71919241,No
Price Break,10-23-2025,[Price break driven by minor rounding],0,72960840,RMBS Agency CMOS,10-23-2025,S,10-20-2025,10-25-2025,95.1556,1027,367708754,73.2783,0.001,178381991,1,10-23-2025,10-25-2025,10-20-2025,69746849,Yes
Quantity Break,10-24-2025,[Price break driven by minor rounding],-1,74990160,RMBS Agency CMOS,10-24-2025,S,10-21-2025,10-26-2025,95.6135,6500,382534168,61.6892,0.001,63182870,1,10-24-2025,10-26-2025,10-21-2025,69491954,No
Price Break,10-27-2025,[Matching logic adjusted for pricing],-4,72571074,Treasury,10-27-2025,B,10-24-2025,10-29-2025,99.5798,5758,219265746,83.4033,0.001,17269843,1,10-27-2025,10-29-2025,10-24-2025,73125216,No
Price Break,10-28-2025,[Matching logic adjusted for pricing],1,75272037,RMBS Agency CMOS,10-28-2025,S,10-25-2025,10-30-2025,101.1721,647,324469908,37.7488,0.001,118603481,1,10-28-2025,10-30-2025,10-25-2025,76815798,No
Matched,10-29-2025,[Factor rounding is causing minor delta],1,71424369,RMBS Agency CMOS,10-29-2025,S,10-26-2025,10-31-2025,104.3723,5533,167231570,11.967,0.001,156297567,1,10-29-2025,10-31-2025,10-26-2025,72948685,No
Matched,10-30-2025,[Price break driven by minor rounding],5,72446804,RMBS Agency CMOS,10-30-2025,B,10-27-2025,11-01-2025,95.8584,5693,106766407,58.3002,0.001,116324407,1,10-30-2025,11-01-2025,10-27-2025,75929243,No
Price Break,10-31-2025,[Factor rounding is causing minor delta],-4,74549766,RMBS Agency CMOS,10-31-2025,B,10-28-2025,11-02-2025,95.6988,4203,364351003,70.2789,0.001,105887454,1,10-31-2025,11-02-2025,10-28-2025,75988864,Yes
Matched,11-03-2025,[Matching logic adjusted for pricing],-3,70859030,Commodities,11-03-2025,S,10-31-2025,11-05-2025,97.3616,7728,348167947,83.3399,0.001,39053044,1,11-03-2025,11-05-2025,10-31-2025,73896982,No
Quantity Break,11-04-2025,[Matching logic adjusted for pricing],5,69628467,Treasury,11-04-2025,S,11-01-2025,11-06-2025,103.8701,8626,141435948,59.1526,0.001,70548702,1,11-04-2025,11-06-2025,11-01-2025,77209199,No
Matched,11-05-2025,[Factor rounding is causing minor delta],2,74008516,RMBS Agency CMOS,11-05-2025,S,11-02-2025,11-07-2025,95.6163,317,289389651,83.3193,0.001,96829026,1,11-05-2025,11-07-2025,11-02-2025,74234138,No
Price Break,11-06-2025,[Price break driven by minor rounding],0,77778989,Treasury,11-06-2025,S,11-03-2025,11-08-2025,103.2364,758,370971988,46.103,0.001,84934768,1,11-06-2025,11-08-2025,11-03-2025,75850336,No
Matched,11-07-2025,[Factor rounding is causing minor delta],3,72358779,RMBS Agency CMOS,11-07-2025,B,11-04-2025,11-09-2025,99.1873,7785,137691099,97.0393,0.001,154381949,1,11-07-2025,11-09-2025,11-04-2025,76968538,No
Quantity Break,11-10-2025,[Price break driven by minor rounding],-3,72967415,Treasury,11-10-2025,B,11-07-2025,11-12-2025,100.6982,5916,235822359,73.0424,0.001,15333061,1,11-10-2025,11-12-2025,11-07-2025,75169167,No
Price Break,11-12-2025,[Matching logic adjusted for pricing],-3,69108765,RMBS Agency CMOS,11-12-2025,S,11-09-2025,11-14-2025,101.7393,6494,399728387,88.2194,0.001,118457630,1,11-12-2025,11-14-2025,11-09-2025,77368042,No
Price Break,11-13-2025,[Price break driven by minor rounding],-4,72544761,Treasury,11-13-2025,B,11-10-2025,11-15-2025,103.3314,6011,234416788,51.7702,0.001,173172297,1,11-13-2025,11-15-2025,11-10-2025,70521925,No
Price Break,11-14-2025,[Matching logic adjusted for pricing],-5,69289515,RMBS Agency CMOS,11-14-2025,S,11-11-2025,11-16-2025,104.525,3062,204604911,98.1244,0.001,125045962,1,11-14-2025,11-16-2025,11-11-2025,73848429,No
Quantity Break,11-17-2025,[Matching logic adjusted for pricing],4,74678213,RMBS Agency CMOS,11-17-2025,B,11-14-2025,11-19-2025,95.5129,3636,115567806,41.2771,0.001,158564141,1,11-17-2025,11-19-2025,11-14-2025,72246554,No
Quantity Break,11-18-2025,[Factor rounding is causing minor delta],1,76561884,Treasury,11-18-2025,S,11-15-2025,11-20-2025,101.155,1715,224716992,56.6932,0.001,161930762,1,11-18-2025,11-20-2025,11-15-2025,76128829,No
Quantity Break,11-19-2025,[Price break driven by minor rounding],-1,70371580,Treasury,11-19-2025,S,11-16-2025,11-21-2025,97.1843,516,167147827,56.1822,0.001,67907455,1,11-19-2025,11-21-2025,11-16-2025,73820826,No
Price Break,11-20-2025,[Matching logic adjusted for pricing],-3,75462314,Commodities,11-20-2025,B,11-17-2025,11-22-2025,97.6681,280,190331309,19.9502,0.001,135403382,1,11-20-2025,11-22-2025,11-17-2025,73772716,No
Quantity Break,11-21-2025,[Price break driven by minor rounding],-4,74669919,RMBS Agency CMOS,11-21-2025,S,11-18-2025,11-23-2025,95.1009,5310,116278037,85.2671,0.001,166786341,1,11-21-2025,11-23-2025,11-18-2025,77902666,No
Price Break,11-24-2025,[Price break driven by minor rounding],-1,70690434,Commodities,11-24-2025,S,11-21-2025,11-26-2025,99.8769,9814,212763561,55.1151,0.001,27443862,1,11-24-2025,11-26-2025,11-21-2025,73038839,No
Matched,11-25-2025,[Price break driven by minor rounding],5,70085625,Treasury,11-25-2025,S,11-22-2025,11-27-2025,103.7735,7632,289696408,84.6878,0.001,166673885,1,11-25-2025,11-27-2025,11-22-2025,71230655,No
Matched,11-26-2025,[Factor rounding is causing minor delta],5,73013504,Treasury,11-26-2025,S,11-23-2025,11-28-2025,98.058,3672,289211402,77.4576,0.001,15389785,1,11-26-2025,11-28-2025,11-23-2025,78080272,No
Quantity Break,11-28-2025,[Matching logic adjusted for pricing],3,76911869,Commodities,11-28-2025,S,11-25-2025,11-30-2025,102.4476,689,249065744,45.7591,0.001,175246528,1,11-28-2025,11-30-2025,11-25-2025,74959251,No
Matched,12-01-2025,[Factor rounding is causing minor delta],1,78247051,RMBS Agency CMOS,12-01-2025,S,11-28-2025,12-03-2025,103.2453,1857,398824564,57.1816,0.001,36134129,1,12-01-2025,12-03-2025,11-28-2025,72722159,No
Price Break,12-02-2025,[Price break driven by minor rounding],-1,78125832,Treasury,12-02-2025,S,11-29-2025,12-04-2025,104.9841,4067,231303847,58.332,0.001,101869660,1,12-02-2025,12-04-2025,11-29-2025,74726055,No
Matched,12-03-2025,[Price break driven by minor rounding],-3,75551389,Treasury,12-03-2025,B,11-30-2025,12-05-2025,104.7779,8011,296634736,63.3932,0.001,149306140,1,12-03-2025,12-05-2025,11-30-2025,70168588,No
Price Break,12-04-2025,[Factor rounding is causing minor delta],-2,75139167,Commodities,12-04-2025,B,12-01-2025,12-06-2025,95.6167,5808,132853035,18.8361,0.001,67126219,1,12-04-2025,12-06-2025,12-01-2025,76819980,No
Price Break,12-05-2025,[Factor rounding is causing minor delta],-5,77236906,Treasury,12-05-2025,S,12-02-2025,12-07-2025,98.9196,5302,249305069,21.7484,0.001,69610721,1,12-05-2025,12-07-2025,12-02-2025,69720986,No
Price Break,12-08-2025,[Price break driven by minor rounding],-1,76594833,RMBS Agency CMOS,12-08-2025,B,12-05-2025,12-10-2025,95.2312,5899,236806227,68.213,0.001,113280724,1,12-08-2025,12-10-2025,12-05-2025,70402529,No
Quantity Break,12-09-2025,[Factor rounding is causing minor delta],2,74565837,Treasury,12-09-2025,B,12-06-2025,12-11-2025,101.1126,4572,168867467,94.919,0.001,122208576,1,12-09-2025,12-11-2025,12-06-2025,72496697,No
Quantity Break,12-10-2025,[Factor rounding is causing minor delta],2,70959746,Treasury,12-10-2025,B,12-07-2025,12-12-2025,104.1945,8403,256680942,56.488,0.001,97803644,1,12-10-2025,12-12-2025,12-07-2025,72935399,No
Quantity Break,12-11-2025,[Matching logic adjusted for pricing],1,75591868,RMBS Agency CMOS,12-11-2025,S,12-08-2025,12-13-2025,97.5474,7836,235029015,63.8013,0.001,18135732,1,12-11-2025,12-13-2025,12-08-2025,74982720,No
Matched,12-12-2025,[Matching logic adjusted for pricing],2,68967561,Treasury,12-12-2025,S,12-09-2025,12-14-2025,102.1877,1499,256601542,59.4281,0.001,106770543,1,12-12-2025,12-14-2025,12-09-2025,73229843,Yes
Quantity Break,12-15-2025,[Factor rounding is causing minor delta],-3,75922401,RMBS Agency CMOS,12-15-2025,S,12-12-2025,12-17-2025,102.3531,8208,378026968,66.6309,0.001,176526197,1,12-15-2025,12-17-2025,12-12-2025,74295358,No
Matched,12-16-2025,[Factor rounding is causing minor delta],1,77106904,RMBS Agency CMOS,12-16-2025,S,12-13-2025,12-18-2025,103.9315,4075,211201563,45.9507,0.001,82122089,1,12-16-2025,12-18-2025,12-13-2025,74634219,No
Price Break,12-17-2025,[Factor rounding is causing minor delta],-4,78763378,Commodities,12-17-2025,B,12-14-2025,12-19-2025,96.9086,1806,139876979,97.1458,0.001,175103629,1,12-17-2025,12-19-2025,12-14-2025,73234039,No
Price Break,12-18-2025,[Price break driven by minor rounding],-2,69416926,Treasury,12-18-2025,S,12-15-2025,12-20-2025,104.9239,1308,173554836,55.7311,0.001,172765915,1,12-18-2025,12-20-2025,12-15-2025,77605415,No
Price Break,12-19-2025,[Factor rounding is causing minor delta],-4,75196318,RMBS Agency CMOS,12-19-2025,S,12-16-2025,12-21-2025,97.006,4279,175234844,38.7251,0.001,17554600,1,12-19-2025,12-21-2025,12-16-2025,70549316,No
Matched,12-22-2025,[Factor rounding is causing minor delta],0,71013304,Commodities,12-22-2025,B,12-19-2025,12-24-2025,98.1056,1000,218160513,74.556,0.001,120667254,1,12-22-2025,12-24-2025,12-19-2025,76273274,No
Price Break,12-23-2025,[Matching logic adjusted for pricing],1,70356366,RMBS Agency CMOS,12-23-2025,B,12-20-2025,12-25-2025,103.654,3460,171338828,54.5187,0.001,71828705,1,12-23-2025,12-25-2025,12-20-2025,73261130,No
Matched,12-24-2025,[Price break driven by minor rounding],-2,71665566,Commodities,12-24-2025,S,12-21-2025,12-26-2025,96.6088,5334,240138478,68.4956,0.001,126965601,1,12-24-2025,12-26-2025,12-21-2025,73760243,No
Matched,12-26-2025,[Factor rounding is causing minor delta],4,72583741,RMBS Agency CMOS,12-26-2025,S,12-23-2025,12-28-2025,98.1972,4085,311006357,83.8141,0.001,136402282,1,12-26-2025,12-28-2025,12-23-2025,73877411,No
Price Break,12-29-2025,[Factor rounding is causing minor delta],3,69867859,Commodities,12-29-2025,S,12-26-2025,12-31-2025,98.4476,2864,242744029,22.633,0.001,168894883,1,12-29-2025,12-31-2025,12-26-2025,69328945,No
Price Break,12-30-2025,[Price break driven by minor rounding],-4,68986226,Commodities,12-30-2025,B,12-27-2025,01-01-2026,104.9144,7954,248292373,91.2172,0.001,95870410,1,12-30-2025,01-01-2026,12-27-2025,72937881,No
Matched,12-31-2025,[Price break driven by minor rounding],3,73321055,Treasury,12-31-2025,S,12-28-2025,01-02-2026,95.8222,945,392489458,45.4324,0.001,132606434,1,12-31-2025,01-02-2026,12-28-2025,76318285,No
Quantity Break,01-02-2026,[Factor rounding is causing minor delta],0,74663712,Commodities,01-02-2026,S,12-30-2025,01-04-2026,104.5906,2482,103525052,68.3755,0.001,145771450,1,01-02-2026,01-04-2026,12-30-2025,71401876,No
Price Break,01-05-2026,[Matching logic adjusted for pricing],-5,70527759,Treasury,01-05-2026,S,01-02-2026,01-07-2026,101.5849,8969,115747199,75.7666,0.001,62860077,1,01-05-2026,01-07-2026,01-02-2026,75303046,No
Matched,01-06-2026,[Factor rounding is causing minor delta],3,70699833,Commodities,01-06-2026,B,01-03-2026,01-08-2026,102.3222,7465,357418523,45.934,0.001,61110279,1,01-06-2026,01-08-2026,01-03-2026,70586284,No
Quantity Break,01-07-2026,[Matching logic adjusted for pricing],4,70842378,RMBS Agency CMOS,01-07-2026,S,01-04-2026,01-09-2026,97.0007,9815,276370605,74.7882,0.001,199469007,1,01-07-2026,01-09-2026,01-04-2026,77077354,No
Price Break,01-08-2026,[Factor rounding is causing minor delta],-3,77611067,Commodities,01-08-2026,S,01-05-2026,01-10-2026,99.842,222,140939963,15.9393,0.001,180257147,1,01-08-2026,01-10-2026,01-05-2026,71526989,No
Price Break,01-09-2026,[Factor rounding is causing minor delta],1,73733272,Treasury,01-09-2026,B,01-06-2026,01-11-2026,99.1575,4933,395117975,27.0105,0.001,138565003,1,01-09-2026,01-11-2026,01-06-2026,70545120,No
Quantity Break,01-12-2026,[Price break driven by minor rounding],4,69677975,RMBS Agency CMOS,01-12-2026,B,01-09-2026,01-14-2026,95.7912,2644,111043597,53.1633,0.001,75280539,1,01-12-2026,01-14-2026,01-09-2026,75281173,No
Price Break,01-13-2026,[Factor rounding is causing minor delta],-1,71313589,Treasury,01-13-2026,B,01-10-2026,01-15-2026,99.9831,3162,372300362,46.6479,0.001,199549825,1,01-13-2026,01-15-2026,01-10-2026,76931934,No
Price Break,01-14-2026,[Matching logic adjusted for pricing],-2,74765736,RMBS Agency CMOS,01-14-2026,B,01-11-2026,01-16-2026,101.9513,8411,171283421,73.7731,0.001,133790111,1,01-14-2026,01-16-2026,01-11-2026,76377208,No
Matched,01-15-2026,[Factor rounding is causing minor delta],2,72312268,Treasury,01-15-2026,S,01-12-2026,01-17-2026,103.4894,7040,378880140,17.2888,0.001,11543778,1,01-15-2026,01-17-2026,01-12-2026,71135143,No
Price Break,01-16-2026,[Price break driven by minor rounding],-1,78519838,Treasury,01-16-2026,S,01-13-2026,01-18-2026,98.3116,9701,247227458,30.7627,0.001,89352725,1,01-16-2026,01-18-2026,01-13-2026,74493094,No
Price Break,01-20-2026,[Factor rounding is causing minor delta],-1,76111577,Commodities,01-20-2026,S,01-17-2026,01-22-2026,104.9114,9469,194615871,58.275,0.001,115645177,1,01-20-2026,01-22-2026,01-17-2026,78164437,Yes
Matched,01-21-2026,[Price break driven by minor rounding],4,75743342,Treasury,01-21-2026,B,01-18-2026,01-23-2026,100.085,3791,364546523,67.0262,0.001,118579103,1,01-21-2026,01-23-2026,01-18-2026,73918897,No
Price Break,01-22-2026,[Matching logic adjusted for pricing],-1,71105069,Treasury,01-22-2026,B,01-19-2026,01-24-2026,102.7616,3837,226182083,44.1896,0.001,150586442,1,01-22-2026,01-24-2026,01-19-2026,74629947,No
Matched,01-23-2026,[Price break driven by minor rounding],-1,69532186,Treasury,01-23-2026,B,01-20-2026,01-25-2026,103.9272,8444,199754391,96.9732,0.001,157108102,1,01-23-2026,01-25-2026,01-20-2026,76407218,No
Matched,01-26-2026,[Factor rounding is causing minor delta],-4,73263354,Commodities,01-26-2026,S,01-23-2026,01-28-2026,98.7447,3439,340742472,31.8526,0.001,126759587,1,01-26-2026,01-28-2026,01-23-2026,75461211,No
Price Break,01-27-2026,[Factor rounding is causing minor delta],2,72234798,Commodities,01-27-2026,S,01-24-2026,01-29-2026,99.9832,6072,223911036,66.1398,0.001,106762392,1,01-27-2026,01-29-2026,01-24-2026,77327616,No
Price Break,01-28-2026,[Price break driven by minor rounding],5,78454641,Commodities,01-28-2026,S,01-25-2026,01-30-2026,102.9642,5167,230578007,67.7856,0.001,47888745,1,01-28-2026,01-30-2026,01-25-2026,71371896,No
Matched,01-29-2026,[Matching logic adjusted for pricing],-3,72232664,RMBS Agency CMOS,01-29-2026,S,01-26-2026,01-31-2026,96.1341,9056,285818484,40.2107,0.001,80419759,1,01-29-2026,01-31-2026,01-26-2026,77320210,No
Price Break,01-30-2026,[Matching logic adjusted for pricing],-1,71380426,Commodities,01-30-2026,B,01-27-2026,02-01-2026,104.3114,6871,137836460,68.2926,0.001,181914152,1,01-30-2026,02-01-2026,01-27-2026,70921302,No
Price Break,02-02-2026,[Factor rounding is causing minor delta],3,73914349,Treasury,02-02-2026,B,01-30-2026,02-04-2026,96.0934,1746,260732841,44.1653,0.001,116669034,1,02-02-2026,02-04-2026,01-30-2026,72163000,No
Matched,02-03-2026,[Factor rounding is causing minor delta],3,74759789,Treasury,02-03-2026,S,01-31-2026,02-05-2026,101.396,7005,371294571,32.9334,0.001,185400459,1,02-03-2026,02-05-2026,01-31-2026,77911496,No
Price Break,02-04-2026,[Factor rounding is causing minor delta],1,74251604,Treasury,02-04-2026,B,02-01-2026,02-06-2026,98.6519,6830,139547472,77.3473,0.001,120741845,1,02-04-2026,02-06-2026,02-01-2026,78836355,No
Price Break,02-05-2026,[Matching logic adjusted for pricing],-5,77610431,Treasury,02-05-2026,B,02-02-2026,02-07-2026,103.7928,9751,117371332,81.5372,0.001,124194448,1,02-05-2026,02-07-2026,02-02-2026,68969523,No
Quantity Break,02-06-2026,[Price break driven by minor rounding],-3,70867619,Commodities,02-06-2026,S,02-03-2026,02-08-2026,101.3551,1017,375924539,57.8165,0.001,155484165,1,02-06-2026,02-08-2026,02-03-2026,76783658,No
Price Break,02-09-2026,[Factor rounding is causing minor delta],3,75073136,Commodities,02-09-2026,B,02-06-2026,02-11-2026,97.9907,1290,325063840,93.8403,0.001,153382145,1,02-09-2026,02-11-2026,02-06-2026,73517667,No
Quantity Break,02-10-2026,[Matching logic adjusted for pricing],-1,71714614,Commodities,02-10-2026,B,02-07-2026,02-12-2026,98.9288,5948,259945076,59.6291,0.001,184336550,1,02-10-2026,02-12-2026,02-07-2026,71506165,No
Price Break,02-11-2026,[Factor rounding is causing minor delta],-5,70976385,Treasury,02-11-2026,S,02-08-2026,02-13-2026,104.8828,8708,327019810,42.8417,0.001,48403994,1,02-11-2026,02-13-2026,02-08-2026,75363418,No
Matched,02-12-2026,[Price break driven by minor rounding],1,76560203,Treasury,02-12-2026,S,02-09-2026,02-14-2026,103.7456,5444,127133165,87.9397,0.001,83030315,1,02-12-2026,02-14-2026,02-09-2026,76077713,No
Quantity Break,02-13-2026,[Matching logic adjusted for pricing],5,69501328,RMBS Agency CMOS,02-13-2026,S,02-10-2026,02-15-2026,98.8413,4325,373074914,94.2103,0.001,93249092,1,02-13-2026,02-15-2026,02-10-2026,70348912,No
Price Break,02-17-2026,[Matching logic adjusted for pricing],1,69246869,RMBS Agency CMOS,02-17-2026,B,02-14-2026,02-19-2026,103.4521,7750,138772202,63.5517,0.001,130209685,1,02-17-2026,02-19-2026,02-14-2026,74640531,No
Price Break,02-18-2026,[Matching logic adjusted for pricing],-5,69852169,Treasury,02-18-2026,B,02-15-2026,02-20-2026,95.0899,4423,107560268,99.352,0.001,105791354,1,02-18-2026,02-20-2026,02-15-2026,78204388,No
Quantity Break,02-19-2026,[Matching logic adjusted for pricing],2,76583245,Treasury,02-19-2026,S,02-16-2026,02-21-2026,96.4685,4138,286499348,78.0723,0.001,133213865,1,02-19-2026,02-21-2026,02-16-2026,75338744,No
Price Break,02-20-2026,[Price break driven by minor rounding],5,75607458,RMBS Agency CMOS,02-20-2026,S,02-17-2026,02-22-2026,102.8738,311,378526089,51.0702,0.001,150488069,1,02-20-2026,02-22-2026,02-17-2026,77788531,No
Quantity Break,02-23-2026,[Price break driven by minor rounding],5,75668522,Commodities,02-23-2026,B,02-20-2026,02-25-2026,99.1423,6743,104013846,93.7798,0.001,66752731,1,02-23-2026,02-25-2026,02-20-2026,70593307,No
Matched,02-24-2026,[Factor rounding is causing minor delta],-1,72708897,Treasury,02-24-2026,B,02-21-2026,02-26-2026,95.0645,4897,107941138,21.998,0.001,162589647,1,02-24-2026,02-26-2026,02-21-2026,76429099,Yes
Matched,02-25-2026,[Factor rounding is causing minor delta],4,71501574,RMBS Agency CMOS,02-25-2026,S,02-22-2026,02-27-2026,96.1031,5779,185920212,19.7762,0.001,138272987,1,02-25-2026,02-27-2026,02-22-2026,75662610,No
Price Break,02-26-2026,[Price break driven by minor rounding],-3,75692818,Treasury,02-26-2026,S,02-23-2026,02-28-2026,100.3089,805,353620612,33.9046,0.001,126171540,1,02-26-2026,02-28-2026,02-23-2026,77533887,No
Price Break,02-27-2026,[Matching logic adjusted for pricing],2,78889336,RMBS Agency CMOS,02-27-2026,B,02-24-2026,03-01-2026,97.1641,100,213016207,74.1181,0.001,100864980,1,02-27-2026,03-01-2026,02-24-2026,69517820,No
Matched,03-02-2026,[Price break driven by minor rounding],1,76768063,RMBS Agency CMOS,03-02-2026,S,02-27-2026,03-04-2026,98.1419,1944,194648590,85.9577,0.001,49939471,1,03-02-2026,03-04-2026,02-27-2026,78015607,No
Matched,03-03-2026,[Matching logic adjusted for pricing],1,72604512,Commodities,03-03-2026,B,02-28-2026,03-05-2026,99.0136,6451,154075987,95.3724,0.001,157404377,1,03-03-2026,03-05-2026,02-28-2026,74528296,No
Price Break,03-04-2026,[Matching logic adjusted for pricing],-3,69181607,Commodities,03-04-2026,B,03-01-2026,03-06-2026,102.2195,7237,269644985,85.8216,0.001,53290746,1,03-04-2026,03-06-2026,03-01-2026,74158590,No
Price Break,03-05-2026,[Matching logic adjusted for pricing],5,75993315,Treasury,03-05-2026,S,03-02-2026,03-07-2026,95.9009,9764,256600971,61.2776,0.001,29457892,1,03-05-2026,03-07-2026,03-02-2026,77830552,Yes
Quantity Break,03-06-2026,[Factor rounding is causing minor delta],-1,72930614,RMBS Agency CMOS,03-06-2026,B,03-03-2026,03-08-2026,100.1977,6294,284817905,24.3788,0.001,198898343,1,03-06-2026,03-08-2026,03-03-2026,73672353,No
